"id","leg","city","region","title","ideal_for","category","reach","cost","how_to_get_there","website","status","notes","updated"
"1-aperitivo-culture-camparino-in-galleria","1","Milan","Lombardy","Aperitivo culture / Camparino in Galleria","all","dining","base","","In Milan — Galleria Vittorio Emanuele II, Metro Duomo","https://camparino.com/en/","","",""
"1-bagatti-valsecchi-house-museum","1","Milan","Lombardy","Bagatti Valsecchi house-museum","jude · all","secret","base","","In Milan — Montenapoleone, Metro M3 Montenapoleone","https://museobagattivalsecchi.org/en","","",""
"1-bar-luce-at-fondazione-prada","1","Milan","Lombardy","Bar Luce at Fondazione Prada","grey · rhys","weird","base","Cafe free, gallery ticketed","In Milan — Metro M3 Lodi T.I.B.B.","https://www.fondazioneprada.org/barluce-en/?lang=en","","",""
"1-branca-tower","1","Milan","Lombardy","Branca Tower","keir · jude","whoa","base","","In Milan — Parco Sempione, Metro M1/M2 Cadorna","https://www.yesmilano.it/en/see-and-do/venues/torre-branca","","",""
"1-brera-district-orto-botanico-di-brera","1","Milan","Lombardy","Brera district + Orto Botanico di Brera","keir · all","nature","base","Botanic garden free","In Milan — Brera, Metro M2/M3 Lanza or Montenapoleone","https://www.ortibotanici.unimi.it/","","",""
"1-brera-pinacoteca","1","Milan","Lombardy","Brera Pinacoteca","all","art","base","","In Milan — Brera, Metro M2/M3 Lanza","https://pinacotecabrera.org/en/","","",""
"1-cimitero-monumentale","1","Milan","Lombardy","Cimitero Monumentale","all","weird","base","Free","In Milan — Metro M5 Monumentale","https://monumentale.comune.milano.it/","","",""
"1-classic-milanese-food-crawl","1","Milan","Lombardy","Classic Milanese food crawl","grey · all","food","base","","In Milan — trattorias citywide","","","",""
"1-duomo-la-scala-kids-treasure-hunt","1","Milan","Lombardy","Duomo → La Scala kids' treasure hunt","grey · keir","hunt","base","~€25pp","In Milan — starts at the Duomo","","","",""
"1-duomo-rooftop-terraces","1","Milan","Lombardy","Duomo + rooftop terraces","all","architecture","base","","In Milan — Piazza del Duomo, Metro M1/M3 Duomo","https://www.duomomilano.it/en/","","",""
"1-duomo-archaeological-area-battistero","1","Milan","Lombardy","Duomo archaeological area + Battistero","all","underground","base","","In Milan — under the Duomo, Metro Duomo; combo ticket","https://www.duomomilano.it/en/","","",""
"1-galleria-vittorio-emanuele-ii-bull-heel-spin","1","Milan","Lombardy","Galleria Vittorio Emanuele II + bull-heel spin","all","architecture","base","Free","In Milan — between Duomo and La Scala, Metro Duomo","","","",""
"1-gelato-the-galleria","1","Milan","Lombardy","Gelato + the Galleria","grey · keir · all","food","base","","In Milan — Galleria Vittorio Emanuele II, Metro Duomo","https://www.yesmilano.it/en","","",""
"1-highline-galleria-skywalk","1","Milan","Lombardy","Highline Galleria skywalk","rhys · all","thrill","base","from ~€15pp","In Milan — Galleria Vittorio Emanuele II, Metro Duomo","https://highlinegalleria.it/en/homepage-english/","","",""
"1-leonardo-science-museum-the-toti-submarine","1","Milan","Lombardy","Leonardo Science Museum + the Toti submarine","all · keir · jude","machines","base","Under-18 free · adults ~€10","In Milan — ~30 min by metro from the flat","https://www.museoscienza.org/en","","",""
"1-museo-di-storia-naturale-mineral-gem-hall","1","Milan","Lombardy","Museo di Storia Naturale — mineral & gem hall","jude · keir","rock","base","Under-18 free · adults ~€5","In Milan — metro to Porta Venezia, ~30 min","https://www.comune.milano.it","","",""
"1-museum-of-senses","1","Milan","Lombardy","Museum of Senses","all","weird","base","~€16pp","In Milan — central","","","",""
"1-navigli-canals-aperitivo","1","Milan","Lombardy","Navigli canals aperitivo","rhys","dining","base","Free to wander","In Milan — Naviglio Grande, Metro M2 Porta Genova","","","",""
"1-panzerotti-at-luini","1","Milan","Lombardy","Panzerotti at Luini","grey","food","base","A couple of euros","In Milan — behind the Duomo, Metro Duomo","https://www.luini.it/","","",""
"1-san-bernardino-alle-ossa-bone-chapel","1","Milan","Lombardy","San Bernardino alle Ossa (bone chapel)","rhys · jude","weird","base","Free","In Milan — near Piazza Santo Stefano, walkable from Duomo","","","",""
"1-sforza-castle-michelangelo-s-rondanini-pieta","1","Milan","Lombardy","Sforza Castle + Michelangelo's Rondanini Pieta","all","castle","base","under-18 free","In Milan — Castello Sforzesco, Metro M1 Cairoli","https://www.milanocastello.it/en","","",""
"1-the-last-supper-cenacolo-vinciano","1","Milan","Lombardy","The Last Supper / Cenacolo Vinciano","all","art","base","","In Milan — Santa Maria delle Grazie; metro/tram to Conciliazione or Cadorna","https://cenacolovinciano.org/","","",""
"1-wwii-air-raid-shelter-piazza-grandi","1","Milan","Lombardy","WWII air-raid shelter, Piazza Grandi","jude · keir","underground","base","Free","In Milan — Piazza Grandi, Metro/tram; advance booking required","https://www2.comune.milano.it/en/web/municipio-4/servizi/rifugio-antiaereo-di-piazza-grandi","","",""
"1-bernina-railway-from-tirano","1","Tirano","Lombardy","Bernina Railway from Tirano","jude · all","transport","day","~€60pp round-ish","Day-trip — train ~2h30 to Tirano, then the Bernina","","","",""
"1-cremona-violin-making-workshop","1","Cremona","Lombardy","Cremona — violin-making workshop","jude","craft","day","varies","Day-trip — train ~1h from Milan","","","",""
"1-museo-alfa-romeo-arese","1","Arese","Lombardy","Museo Alfa Romeo, Arese","jude","machines","day","","M1 metro to Rho Fiera, then Z120 bus; ~45-60 min each way","https://www.museoalfaromeo.com/en-us","","",""
"1-orrido-di-nesso-lake-como","1","Lake Como","Lombardy","Orrido di Nesso — Lake Como","all","water","day","Free / low","Day-trip — train to Como + bus/boat","","","",""
"1-rocca-di-angera-lake-maggiore","1","Lake Maggiore","Lombardy","Rocca di Angera — Lake Maggiore","keir","castle","day","~€11pp","Day-trip — train ~1h + ferry","","","",""
"2-novara-climb-inside-the-san-gaudenzio-dome","2","Novara","Piedmont","Novara — climb inside the San Gaudenzio dome","all","detour","way","~€12pp","On the Milan→Turin train day — 10-min walk from Novara station","","","",""
"2-aperitivo-at-piazza-vittorio-veneto","2","Turin","Piedmont","Aperitivo at Piazza Vittorio Veneto","rhys · all","dining","base","Free to wander","In Turin — Piazza Vittorio Veneto, early evening","","","",""
"2-bicerin-at-caffe-al-bicerin","2","Turin","Piedmont","Bicerin at Caffe Al Bicerin","grey · all","dining","base","","In Turin — Piazza della Consolata","https://bicerin.it/en/","","",""
"2-chocolate-making-experience","2","Turin","Piedmont","Chocolate-making experience","grey","food","base","varies","In Turin — central","","","",""
"2-gianduiotto-and-the-chocolate-crawl","2","Turin","Piedmont","Gianduiotto and the chocolate crawl","all","food","base","","In Turin — historic chocolatiers under the arcades, citywide","","","",""
"2-magic-turin-black-and-white-squares-walk","2","Turin","Piedmont","Magic Turin — black and white squares walk","rhys · all","weird","base","Free","In Turin — self-guided walk, or book a night ghost-walk","https://www.turismotorino.org/en","","",""
"2-mauto-national-automobile-museum","2","Turin","Piedmont","MAUTO — National Automobile Museum","jude","machines","base","","In Turin — Metro toward Lingotto","https://www.museoauto.com/en/","","",""
"2-mole-antonelliana-glass-lift-cinema-museum","2","Turin","Piedmont","Mole Antonelliana — glass lift + Cinema Museum","keir · all","whoa","base","~€15pp (lift+museum)","In Turin — ~8-min walk from the flat","https://www.museocinema.it/en","","",""
"2-museo-egizio","2","Turin","Piedmont","Museo Egizio","keir · all","whoa","base","Under-18 free · adults ~€18","In Turin — ~10-min walk","https://museoegizio.it/en/","","",""
"2-museo-lombroso-criminal-anthropology","2","Turin","Piedmont","Museo Lombroso — criminal anthropology","rhys","weird","base","~€8pp","In Turin — central","","","",""
"2-museo-regionale-di-scienze-naturali","2","Turin","Piedmont","Museo Regionale di Scienze Naturali","jude","rock","base","~€10pp","In Turin — central","","","",""
"2-museum-of-illusions","2","Turin","Piedmont","Museum of Illusions","all","weird","base","~€12pp","In Turin — central","","","",""
"2-superga-rack-railway","2","Turin","Piedmont","Superga rack railway","keir · grey","transport","base","~€9pp return","In Turin — tram 15 to Sassi, then the rack railway","https://www.turismotorino.org/en","","",""
"2-the-arcades-piazza-san-carlo","2","Turin","Piedmont","The arcades + Piazza San Carlo","all","architecture","base","Free to wander","In Turin — walk Via Roma through the centre","","","",""
"2-the-lingotto-rooftop-test-track-pista-500","2","Turin","Piedmont","The Lingotto rooftop test track (Pista 500)","jude · all","transport","base","Rooftop (Pista 500) ticketed but cheap","In Turin — Metro to Lingotto","https://pinacoteca-agnelli.it/en/pista-500/","","",""
"2-the-pietro-micca-tunnels","2","Turin","Piedmont","The Pietro Micca tunnels","jude · keir","underground","base","","In Turin — central; book a guided descent","https://www.museopietromicca.it/","","",""
"2-torino-sotterranea-underground-turin","2","Turin","Piedmont","Torino Sotterranea — underground Turin","all","underground","base","~€15pp","In Turin — guided, central meeting point","","","",""
"2-damanhur-temples-of-humankind","2","Vidracco (Ivrea)","Piedmont","Damanhur — Temples of Humankind","all","underground","day","€78pp (Classic Visit)","Best as Mon Sep 14 day-trip — train Turin→Ivrea (~1h) + taxi (~€30); pre-book English tour","https://damanhur.travel/tour/classicvisit-visit-english/","","",""
"2-grotta-di-bossea","2","Frabosa (Cuneo)","Piedmont","Grotta di Bossea","jude","caves","day","~€12pp","Day-trip — needs bus/car from Mondovì; long","","","",""
"2-sacra-di-san-michele","2","Sant'Ambrogio","Piedmont","Sacra di San Michele","all","castle","day","~€8pp","Day-trip — train to Sant'Ambrogio + shuttle up","https://www.sacradisanmichele.com/","","",""
"2-truffle-hunt-with-dogs-langhe","2","Langhe / Alba","Piedmont","Truffle hunt with dogs — Langhe","all","food","day","~€40–60pp","Day-trip — train to Alba, operator pickup","","","",""
"2-forte-di-bard","2","Bard","Aosta Valley","Forte di Bard","all · keir","castle","far","~€12pp per museum","Far — train + bus ~2h; better on its own trip","","","",""
"3-genoa-the-sacro-catino-holy-grail","3","Genoa","Liguria","Genoa — the Sacro Catino 'Holy Grail'","all","detour","way","~€40 (treasury)","On the Turin→Chiavari day — central Genoa (open Tue, midday-closes)","","","",""
"3-genoa-walk-through-a-real-submarine","3","Genoa","Liguria","Genoa — walk through a real submarine","all","detour","way","~€90–105 (combo ticket)","On the Turin→Chiavari train day — you change in Genoa anyway; 10-min walk from Piazza Principe","https://en.galatamuseodelmare.it/","","",""
"3-cinque-terre-sea-kayak-caves-cliffs","3","Cinque Terre","Liguria","Cinque Terre sea-kayak — caves & cliffs","rhys · all","thrill","base","~€40–60pp","Train to Monterosso/Riomaggiore + operator","https://www.parconazionale5terre.it/","","",""
"3-make-pesto-by-hand","3","Levanto / Genoa","Liguria","Make pesto by hand","grey · all","food","base","varies","In the area — class in Levanto or Genoa","https://www.visitgenoa.it/en","","",""
"3-monterosso-beach-the-coastal-ferry","3","Monterosso","Liguria","Monterosso beach + the coastal ferry","keir","water","base","Ferry ~€20pp day","Train ~50 min from Chiavari; ferry between villages","","","",""
"3-portovenere-the-byron-grotto","3","Portovenere","Liguria","Portovenere & the Byron Grotto","all","water","base","Ferry ~€15pp","Train to La Spezia + boat/bus to Portovenere","https://www.navigazionegolfodeipoeti.it/","","",""
"3-rest-and-beach-day-on-the-tigullio","3","Ligurian coast","Liguria","Rest and beach day on the Tigullio","all","water","base","","On foot in Chiavari — zero trains","https://www.comune.chiavari.ge.it/","","",""
"3-seafront-trattoria-di-mare-chiavari","3","Chiavari","Liguria","Seafront trattoria di mare, Chiavari","all","dining","base","","On foot in Chiavari, the coast base town — no transport needed.","","","",""
"3-a-stretch-of-the-blue-trail","3","Cinque Terre","Liguria","A stretch of the Blue Trail","rhys · jude","nature","day","","Train to Monterosso, hike one leg, train the rest","https://www.parconazionale5terre.it/sentieri.php","","",""
"3-a-swim-small-boat-day","3","Cinque Terre","Liguria","A swim / small-boat day","all","water","day","","Boats/coves reached from the Cinque Terre villages","","","",""
"3-antro-del-corchia-apuan-alps-cave","3","Apuan Alps","Tuscany","Antro del Corchia — Apuan Alps cave","jude","caves","day","~€12pp","Day-trip — train toward Carrara + bus/taxi up; long","","","",""
"3-baia-del-silenzio-sestri-levante","3","Sestri Levante","Liguria","Baia del Silenzio, Sestri Levante","keir · grey · all","water","day","~€680-760 for 6","Train 10 min east from Chiavari to Sestri Levante","https://www.sestri-levante.net/","","",""
"3-camogli-the-portofino-headland","3","Camogli","Liguria","Camogli + the Portofino headland","all","sight","day","","Train ~25 min west from Chiavari to Camogli","https://www.visitgenoa.it/en/camogli","","",""
"3-camogli-to-san-fruttuoso-by-boat","3","Camogli","Liguria","Camogli to San Fruttuoso by boat","all","whoa","day","","Train ~25 min west to Camogli, then ferry around the headland (calm-sea day)","https://www.visitgenoa.it/en/abbey-san-fruttuoso","","",""
"3-christ-of-the-abyss-snorkel-san-fruttuoso","3","San Fruttuoso","Liguria","Christ of the Abyss snorkel, San Fruttuoso","all","water","day","","Ferry to San Fruttuoso from Camogli/S. Margherita, then snorkel or glass-bottom boat","https://www.visitgenoa.it/en/abbey-san-fruttuoso","","",""
"3-da-giovanni-abbey-cove","3","San Fruttuoso","Liguria","Da Giovanni · abbey cove","all","dining","day","~€40-55pp","Ferry from Camogli or Santa Margherita; confirm return boat time","","","",""
"3-ferry-gelato-and-focaccia-crawl","3","Cinque Terre","Liguria","Ferry + gelato-and-focaccia crawl","all","food","day","","Village-to-village by ferry","https://www.navigazionegolfodeipoeti.it/","","",""
"3-focaccia-di-recco-and-the-pesto-homeland","3","Recco","Liguria","Focaccia di Recco and the pesto homeland","all","food","day","","Recco sits right on the Chiavari rail line","","","",""
"3-genova-aquarium","3","Genoa","Liguria","Genova Aquarium","keir","water","day","~€27pp","Day-trip — train to Genoa, Porto Antico","","","",""
"3-genova-righi-adventure-park","3","Genoa","Liguria","Genova Righi Adventure Park","rhys","thrill","day","~€20–30pp","Day-trip — train to Genoa + Zecca–Righi funicular","","","",""
"3-grotte-di-equi","3","Equi Terme","Tuscany","Grotte di Equi","jude","caves","day","~€10pp","Day-trip — regional train to Equi Terme","","","",""
"3-guvano-and-hidden-coves-by-kayak","3","Vernazza","Liguria","Guvano and hidden coves by kayak","keir · rhys","secret","day","","Rent a kayak or water taxi from Vernazza or Monterosso, weather-dependent","https://cinqueterredalmare.com/en/","","",""
"3-il-gigante-the-bombed-sea-god","3","Monterosso","Liguria","Il Gigante, the bombed sea-god","jude","weird","day","free","5-min walk from Monterosso station on the Fegina seafront","https://www.lecinqueterre.org/eng/arte/monterossostatuagigante.php","","",""
"3-l-altro-eden","3","Santa Margherita","Liguria","L'Altro Eden","all","dining","day","~€430-520 for 6","Train Chiavari to Santa Margherita 11-13 min, ~45/day","","","",""
"3-michelin-room-on-the-bay-of-silence","3","Sestri Levante","Liguria","Michelin room on the Bay of Silence","all","dining","day","","Train from Chiavari to Sestri Levante.","","","",""
"3-monterosso-s-salt-cured-anchovies","3","Monterosso","Liguria","Monterosso's salt-cured anchovies","grey","food","day","","Monterosso trattorias and the September Sagra delle Acciughe Salate","https://www.lecinqueterre.org/eng/cucina/acciughe.php","","",""
"3-ristorante-dei-castelli","3","Sestri Levante","Liguria","Ristorante dei Castelli","all","dining","day","~€480-560 for 6","Train Chiavari to Sestri Levante 5-17 min, ~52/day","","","",""
"3-ristorante-la-camogliese","3","Camogli","Liguria","Ristorante La Camogliese","all","dining","day","~€380-450 for 6","Train Chiavari to Camogli 15-20 min; reserve the veranda","","","",""
"3-santa-margherita-portofino-harbour-dinner","3","Portofino","Liguria","Santa Margherita / Portofino harbour dinner","all","dining","day","","Short train to Santa Margherita Ligure, then bus/boat to Portofino.","","","",""
"3-sciacchetra-and-a-terrace-aperitivo","3","Manarola","Liguria","Sciacchetra and a terrace aperitivo","all","food","day","","Tastings in Manarola or Riomaggiore via the Cinque Terre Card","https://www.parconazionale5terre.it/","","",""
"3-the-vineyard-monorail-trains","3","Volastra","Liguria","The vineyard monorail trains","jude","machines","day","","Short train + walk to Volastra above Manarola; book a cellar visit","https://www.ilvigneto5terre.com/en/","","",""
"3-the-way-of-the-sanctuaries","3","Cinque Terre","Liguria","The Way of the Sanctuaries","jude","church","day","","Park trails climbing from each village, free; check trail status","https://www.parconazionale5terre.it/","","",""
"3-torre-aurora-the-pirate-watchtower","3","Monterosso","Liguria","Torre Aurora, the pirate watchtower","rhys","castle","day","","Walk-up terrace in Monterosso; book a table for sunset","https://torreauroracinqueterre.it/en/","","",""
"3-via-dell-amore-finally-reopened","3","Cinque Terre","Liguria","Via dell'Amore, finally reopened","all","rock","day","","On the Cinque Terre Card but needs a timed 30-min entry slot","https://www.viadellamore.info/en/","","",""
"3-village-hopping-by-ferry","3","Ligurian coast","Liguria","Village-hopping by ferry","all","transport","day","","Golfo dei Poeti / Tigullio ferries from coastal stations","https://www.navigazionegolfodeipoeti.it/","","",""
"3-ristorante-belforte","3","Vernazza","Liguria","Ristorante Belforte","all","dining","far","~€300-380 for 6","Train ~1h+ with one change; check the last train home. Closed Tue","https://www.ristorantebelforte.it/","","",""
"3-sea-cliff-climbing-at-muzzerone","3","Portovenere","Liguria","Sea-cliff climbing at Muzzerone","rhys · keir","thrill","far","","Boat/bus to Portovenere; book a guided half-day","https://www.arbaspaa.com/tour/rock-climbing-with-stunning-views","","",""
"4-carrara-4-4-marble-quarry-tour","4","Carrara","Tuscany","Carrara — 4×4 marble quarry tour","jude","detour","way","~€30pp (kids less)","On the Chiavari→Florence train day — meet 7-min walk from Carrara-Avenza station","","","",""
"4-pietrasanta-the-marble-carving-town","4","Pietrasanta","Tuscany","Pietrasanta — the marble-carving town","jude","craft","way","Free (museum)","On the Chiavari→Florence day — historic centre across from the station","","","",""
"4-pisa-leaning-tower-the-death-fresco","4","Pisa","Tuscany","Pisa — leaning tower + the death fresco","all","detour","way","Tower ~€20pp","On the Chiavari→Florence day — you change at Pisa; bag storage at the station","","","",""
"4-aquaflor-build-your-own-perfume","4","Florence","Tuscany","AquaFlor — build your own perfume","rhys","craft","base","","In Florence — walkable, near Santa Croce","https://www.aquaflorexperience.com/en/","","",""
"4-bargello-sculpture-museum","4","Florence","Tuscany","Bargello sculpture museum","all","art","base","","In Florence — walkable in the centre","https://www.bargellomusei.it/en/","","",""
"4-boboli-and-bardini-gardens","4","Florence","Tuscany","Boboli and Bardini gardens","all","nature","base","","In Florence — ~10 min walk to Pitti/Boboli from base","https://www.uffizi.it/en/boboli-garden","","",""
"4-brancacci-chapel-oltrarno-santo-spirito","4","Florence","Tuscany","Brancacci Chapel + Oltrarno + Santo Spirito","all","church","base","","In Florence — Oltrarno, ~3 min walk from San Frediano base","https://cappellabrancacci.musei.comune.fi.it/","","",""
"4-brunelleschi-s-dome-climb","4","Florence","Tuscany","Brunelleschi's dome climb","all","whoa","base","~€30pp (Brunelleschi pass)","In Florence — walkable; book a timed slot","https://duomo.firenze.it/en/home","","",""
"4-buchette-del-vino-the-wine-windows","4","Florence","Tuscany","Buchette del vino — the wine windows","grey · keir · rhys","hunt","base","Free to spot","In Florence — self-guided walk; Babae is near San Frediano base","https://www.buchettedelvino.org/","","",""
"4-florentine-paper-marbling-workshop","4","Florence","Tuscany","Florentine paper-marbling workshop","grey","craft","base","varies","In Florence — central studios","","","",""
"4-fresh-pasta-gelato-class","4","Florence","Tuscany","Fresh pasta + gelato class","grey · all","food","base","~€70pp","In Florence — central","https://www.florencetown.com/","","",""
"4-hands-on-artisan-workshop","4","Florence","Tuscany","Hands-on artisan workshop","all","craft","base","","In Florence — Oltrarno, walkable from San Frediano base","https://www.scuoladelcuoio.com/en/","","",""
"4-hzero-miniature-railway-world","4","Florence","Tuscany","HZERO — miniature railway world","keir · grey","machines","base","","In Florence — walkable in the centre","https://www.hzero.com/en/","","",""
"4-il-porcellino-rub-the-boar-s-nose","4","Florence","Tuscany","Il Porcellino — rub the boar's nose","keir · grey","detour","base","Free","In Florence — 30-second detour by the leather market","https://www.visittuscany.com/en/attractions/porcellino-fountain-in-florence/","","",""
"4-la-specola-minerals-anatomical-waxes","4","Florence","Tuscany","La Specola — minerals + anatomical waxes","jude · rhys","rock","base","~€10pp · under-18 €5","In Florence — ~10-min walk from your door","https://www.msn.unifi.it/","","",""
"4-le-arti-orafe-set-your-own-gemstone","4","Florence","Tuscany","Le Arti Orafe — set your own gemstone","jude","craft","base","Class ~€90pp","In Florence — Oltrarno, walkable","https://artiorafe.it/en/craft-experience/","","",""
"4-mercato-centrale-san-lorenzo-gelato-crawl","4","Florence","Tuscany","Mercato Centrale + San Lorenzo + gelato crawl","grey · jude","market","base","","In Florence — walkable, near San Lorenzo","https://www.mercatocentrale.com/florence/","","",""
"4-museo-galileo","4","Florence","Tuscany","Museo Galileo","all","machines","base","~€10pp","In Florence — by the Uffizi, walkable","https://www.museogalileo.it/en/","","",""
"4-officina-di-santa-maria-novella-world-s-oldest-pharmacy","4","Florence","Tuscany","Officina di Santa Maria Novella — world's oldest pharmacy","all","weird","base","Free entry","In Florence — walkable, by the train station","https://smnovella.com/","","",""
"4-one-big-hitter-uffizi-or-accademia","4","Florence","Tuscany","ONE big-hitter: Uffizi OR Accademia","all","art","base","","In Florence — both walkable in the centre","https://www.uffizi.it/en","","",""
"4-palazzo-vecchio-secret-passages","4","Florence","Tuscany","Palazzo Vecchio — secret passages","all","secret","base","~€20pp tour","In Florence — Piazza della Signoria, walkable","https://cultura.comune.fi.it/pagina/i-musei-civici-fiorentini/palazzo-vecchio","","",""
"4-scuola-del-cuoio-the-leather-school","4","Florence","Tuscany","Scuola del Cuoio — the leather school","jude","craft","base","Class varies","In Florence — walk / short bus from San Frediano","https://www.scuoladelcuoio.com/en/","","",""
"4-stibbert-museum-armor-and-samurai","4","Florence","Tuscany","Stibbert Museum — armor and samurai","all","weird","base","","In Florence — short bus ride out from the centre","https://www.museostibbert.it/en","","",""
"4-the-buontalenti-grotto-in-boboli","4","Florence","Tuscany","The Buontalenti Grotto in Boboli","keir · all","caves","base","Included with Boboli entry","In Florence — inside the Boboli Gardens, ~10 min from base","https://www.uffizi.it/en/boboli-garden","","",""
"4-the-vasari-corridor","4","Florence","Tuscany","The Vasari Corridor","all","secret","base","","In Florence — book Uffizi + corridor supplement well ahead","https://www.uffizi.it/en/corridoio-vasariano","","",""
"4-the-window-that-can-never-be-closed","4","Florence","Tuscany","The window that can never be closed","jude","weird","base","Free","In Florence — spot it from the piazza, walkable","https://www.visittuscany.com/en/ideas/mysteries-oddities-and-scary-stories-of-florence/","","",""
"4-uffizi-family-treasure-hunt","4","Florence","Tuscany","Uffizi family treasure hunt","grey","hunt","base","tour + entry","In Florence — the Uffizi","","","",""
"4-zecchi-the-renaissance-color-shop","4","Florence","Tuscany","Zecchi — the Renaissance color shop","jude","rock","base","Free to browse","In Florence — walkable, near the Duomo","https://zecchi.it/?lang=eng","","",""
"4-a-chianti-wine-day","4","Chianti","Tuscany","A Chianti / wine day","all","nature","day","","Driver-led day out from Florence","https://www.visittuscany.com/en/","","",""
"4-a-modena-food-morning","4","Modena","Emilia-Romagna","A Modena food morning","all","food","day","","Day-trip — train from Florence, then ~30-min train Bologna to Modena","https://www.visitmodena.it/en","","",""
"4-archiginnasio-the-anatomical-theatre","4","Bologna","Emilia-Romagna","Archiginnasio + the Anatomical Theatre","all","weird","day","","Day-trip — 37-min train from Florence, then walk next to Piazza Maggiore","https://www.archiginnasio.it/","","",""
"4-bike-the-walls-of-lucca","4","Lucca","Tuscany","Bike the walls of Lucca","all","transport","day","","By train from Firenze S.M.N.","","","",""
"4-cassini-s-sundial-and-the-unfinished-facade-san-petronio","4","Bologna","Emilia-Romagna","Cassini's sundial and the unfinished facade (San Petronio)","all","church","day","free","Day-trip — 37-min train from Florence, then walk to Piazza Maggiore","https://www.atlasobscura.com/places/sundial-basilica-di-san-petronio","","",""
"4-fiesole-etruscan-roman-ruins","4","Fiesole","Tuscany","Fiesole — Etruscan-Roman ruins","all","sight","day","","Bus/rail up from Florence","","","",""
"4-gelato-santo-stefano-s-seven-churches","4","Bologna","Emilia-Romagna","Gelato + Santo Stefano's seven churches","grey · all","church","day","free","Day-trip — 37-min train from Florence, then walk to Piazza Santo Stefano","https://www.bolognawelcome.com/en/","","",""
"4-gelato-museum-carpigiani","4","Anzola","Emilia-Romagna","Gelato Museum Carpigiani","grey","food","day","free museum (workshops paid)","Day-trip — 37-min train from Florence, then bus 87 (~20 min) to Anzola","https://www.bolognawelcome.com/en/places/museums-and-art-galleries/gelato-museum-carpigiani-eng","","",""
"4-grand-tour-italia-food-park","4","Bologna","Emilia-Romagna","Grand Tour Italia food park","grey · all","food","day","","Day-trip — 37-min train from Florence, then local transit to the edge of town","https://www.grandtouritalia.it/en","","",""
"4-la-finestrella-di-via-piella","4","Bologna","Emilia-Romagna","La Finestrella di Via Piella","keir","secret","day","free","Day-trip — 37-min train from Florence, then walk to Via Piella 16","https://www.bolognawelcome.com/en/blog/seven-secrets-bologna","","",""
"4-labirinto-della-masone-bamboo-maze","4","Fontanellato","Emilia-Romagna","Labirinto della Masone — bamboo maze","all","maze","day","~€18pp","Day-trip — train to Parma + local; ~2h","","","",""
"4-modena-traditional-balsamic-acetaia","4","Modena","Emilia-Romagna","Modena — traditional balsamic acetaia","grey · all","food","day","Free–low (individuals)","Day-trip — train ~1h; book ahead","https://www.parmigianoreggiano.com/","","",""
"4-motor-valley-ferrari-lamborghini-ducati","4","Maranello / Modena","Emilia-Romagna","Motor Valley — Ferrari · Lamborghini · Ducati","jude","machines","day","~€12–32pp/site","Day-trip — train to Bologna/Modena + Modenatur transfer","","","",""
"4-museo-per-la-memoria-di-ustica","4","Bologna","Emilia-Romagna","Museo per la Memoria di Ustica","rhys","art","day","free","Day-trip — 37-min train from Florence, then 10-min walk from Bologna Centrale","https://www.museomemoriaustica.it/","","",""
"4-osteria-del-sole","4","Bologna","Emilia-Romagna","Osteria del Sole","all","dining","day","","Day-trip — 37-min train from Florence, then walk into the Quadrilatero","https://www.osteriadelsole.it/","","",""
"4-palazzo-poggi-the-university-s-wunderkammer","4","Bologna","Emilia-Romagna","Palazzo Poggi — the university's wunderkammer","rhys · jude","weird","day","","Day-trip — 37-min train from Florence, then walk to via Zamboni","https://sma.unibo.it/en","","",""
"4-quadrilatero-market-food-crawl","4","Bologna","Emilia-Romagna","Quadrilatero market food crawl","all","market","day","","Day-trip — 37-min Frecciarossa from Florence, then walk to the market lanes off Piazza Maggiore","https://www.tamburini.com/en/","","",""
"4-scarperia-knife-blade-making","4","Scarperia","Tuscany","Scarperia — knife & blade making","jude","craft","day","varies","Day-trip — bus ~1h from Florence","","","",""
"4-the-feast-ragu-tortellini-in-brodo-mortadella","4","Bologna","Emilia-Romagna","The feast — ragu, tortellini in brodo, mortadella","all","dining","day","","Day-trip — 37-min train from Florence, then walk to a central osteria","https://www.bolognawelcome.com/en/","","",""
"4-the-porticoes-walk-to-san-luca","4","Bologna","Emilia-Romagna","The porticoes — walk to San Luca","all","architecture","day","","Day-trip — 37-min train from Florence, then walk or San Luca Express tourist train","https://www.bolognawelcome.com/en/","","",""
"4-the-three-arrows-of-corte-isolani","4","Bologna","Emilia-Romagna","The three arrows of Corte Isolani","jude","hunt","day","free","Day-trip — 37-min train from Florence, then walk to Strada Maggiore 19","https://www.bolognawelcome.com/en/blog/seven-secrets-bologna","","",""
"4-the-tortellino-and-venus-s-navel","4","Bologna","Emilia-Romagna","The tortellino and Venus's navel","grey · all","food","day","","Day-trip — 37-min train from Florence, then any proper central osteria","https://www.bolognawelcome.com/en/food-and-wine","","",""
"4-the-two-towers-climb-asinelli","4","Bologna","Emilia-Romagna","The Two Towers — climb Asinelli","all","whoa","day","","Day-trip — 37-min train from Florence, then walk to Piazza di Porta Ravegnana","https://www.torreasinelli.it/","","",""
"4-the-whispering-telephone-voltone-del-podesta","4","Bologna","Emilia-Romagna","The whispering telephone (Voltone del Podesta)","keir · grey","weird","day","free","Day-trip — 37-min train from Florence, then walk to Piazza Maggiore","https://www.bolognawelcome.com/en/blog/seven-secrets-bologna","","",""
"4-tuscan-farm-cook-day","4","Florence","Tuscany","Tuscan farm / cook day","grey · all","food","day","","Day out in the countryside from Florence","","","",""
"4-volterra-carve-alabaster","4","Volterra","Tuscany","Volterra — carve alabaster","jude","craft","day","Workshop varies","Day-trip — train + bus ~2h; long","","","",""
"4-elba-rio-marina-mining-park-minerals","4","Elba","Tuscany","Elba — Rio Marina mining park & minerals","jude","rock","far","~€10–20pp","Far — train to Piombino + ferry; an overnight, not a day-trip","","","",""
"5-orvieto-the-double-helix-well-caves","5","Orvieto","Umbria","Orvieto — the double-helix well + caves","all","detour","way","Well ~€6pp · caves ~€6pp","On the Florence→Rome train day — well is at the funicular top; station bag storage","","","",""
"5-aperitivo-in-trastevere-testaccio-food","5","Rome","Lazio","Aperitivo in Trastevere + Testaccio food","all","food","base","","In Rome — Metro B to Piramide (Testaccio) / tram 8 Trastevere","https://www.mercatotestaccio.it/","","",""
"5-basilica-di-san-clemente-3-layers-down","5","Rome","Lazio","Basilica di San Clemente — 3 layers down","all","underground","base","~€10pp","In Rome — near the Colosseum","","","",""
"5-bocca-della-verita","5","Rome","Lazio","Bocca della Verita","grey · keir","weird","base","small donation","In Rome — Metro B to Circo Massimo, walk","https://www.turismoroma.it/en/places/mouth-truth","","",""
"5-borghese-gallery","5","Rome","Lazio","Borghese Gallery","rhys · jude","art","base","","In Rome — Metro A to Spagna, walk through Villa Borghese","https://galleriaborghese.beniculturali.it/en/","","",""
"5-capuchin-crypt-the-bone-chapel","5","Rome","Lazio","Capuchin Crypt — the bone chapel","all · rhys · jude · grey","weird","base","~€8.50pp","In Rome — Via Veneto, Metro A Barberini","https://www.cappucciniviaveneto.it/en/","","",""
"5-castel-sant-angelo","5","Rome","Lazio","Castel Sant'Angelo","all","castle","base","~€16pp · under-18 free","In Rome — walkable from the Vatican","https://castelsantangelo.cultura.gov.it/","","",""
"5-catacombs-appian-way","5","Rome","Lazio","Catacombs + Appian Way","all","underground","base","","In Rome — bus 118 to San Callisto","https://www.catacombe.roma.it/en/","","",""
"5-centrale-montemartini","5","Rome","Lazio","Centrale Montemartini","jude","machines","base","~€10pp","In Rome — Metro B Garbatella","https://www.centralemontemartini.org/en","","",""
"5-colosseum-underground","5","Rome","Lazio","Colosseum Underground","all","secret","base","~€24pp (special ticket)","In Rome — Metro B Colosseo; book the special access","","","",""
"5-evening-centro-walk-pantheon-trevi-navona","5","Rome","Lazio","Evening centro walk — Pantheon, Trevi, Navona","all","sight","base","free","In Rome — Metro A to Spagna/Barberini, walk","","","",""
"5-explora-children-s-museum-villa-borghese","5","Rome","Lazio","Explora Children's Museum + Villa Borghese","grey · keir","sight","base","","In Rome — Metro A to Flaminio, walk","https://www.mdbr.it/","","",""
"5-galleria-doria-pamphilj","5","Rome","Lazio","Galleria Doria Pamphilj","all","art","base","","In Rome — Via del Corso, central, walk from Metro A","https://www.doriapamphilj.it/roma/en/","","",""
"5-garbatella-neighborhood","5","Rome","Lazio","Garbatella neighborhood","all","architecture","base","","In Rome — Metro B to Garbatella","","","",""
"5-gladiator-school-scuola-gladiatori","5","Rome","Lazio","Gladiator school — Scuola Gladiatori","keir · all","thrill","base","~€130 for a couple hrs (group)","In Rome — Via Appia Antica (bus 118)","https://www.gruppostoricoromano.it/?lang=en","","",""
"5-museo-delle-anime-del-purgatorio","5","Rome","Lazio","Museo delle Anime del Purgatorio","jude","weird","base","free","In Rome — Lungotevere Prati, near Metro A Lepanto","https://www.turismoroma.it/en/places/museo-delle-anime-del-purgatorio","","",""
"5-museum-of-the-holy-souls-in-purgatory","5","Rome","Lazio","Museum of the Holy Souls in Purgatory","rhys","weird","base","Free","In Rome — by Castel Sant'Angelo","","","",""
"5-palazzo-spada-the-forced-perspective-trick","5","Rome","Lazio","Palazzo Spada — the forced-perspective trick","all","maze","base","~€5pp","In Rome — Campo de' Fiori area","","","",""
"5-pizza-gelato-class-for-kids","5","Rome","Lazio","Pizza + gelato class for kids","grey · all","food","base","family quote","In Rome — near Piazza Navona","https://www.inromecooking.com/tour/kids-and-family-classes/pizza-making-and-gelato-class-for-kids/","","",""
"5-pyramid-of-cestius-and-non-catholic-cemetery","5","Rome","Lazio","Pyramid of Cestius and Non-Catholic Cemetery","rhys","sight","base","cemetery donation","In Rome — Metro B to Piramide","https://www.cemeteryrome.it/","","",""
"5-quartiere-coppede","5","Rome","Lazio","Quartiere Coppede","all","architecture","base","free","In Rome — tram 3/19 to the Trieste district","https://www.turismoroma.it/en","","",""
"5-quartiere-coppede","5","Rome","Lazio","Quartiere Coppedè","all","architecture","base","Free","In Rome — tram/bus to Piazza Buenos Aires","","","",""
"5-roman-forum-family-treasure-hunt","5","Rome","Lazio","Roman Forum family treasure hunt","grey · all","hunt","base","tour + entry","In Rome — the Forum","https://www.coopculture.it/en/","","",""
"5-san-clemente-s-buried-city","5","Rome","Lazio","San Clemente's buried city","all","underground","base","~€10","In Rome — Metro B to Colosseo, short walk","http://basilicasanclemente.com/","","",""
"5-the-aventine-keyhole","5","Rome","Lazio","The Aventine Keyhole","keir","secret","base","free","In Rome — Metro B to Circo Massimo, walk up the Aventine","https://www.turismoroma.it/en","","",""
"5-the-catacombs","5","Rome","Lazio","The Catacombs","all","underground","base","~€10pp","In Rome — Via Appia (bus 118) or S. Agnese","","","",""
"5-torre-argentina-cat-sanctuary","5","Rome","Lazio","Torre Argentina cat sanctuary","keir","animals","base","free","In Rome — tram 8 / bus to Largo Argentina","https://www.gattidiroma.net/web/en/","","",""
"5-vatican-museums-sistine-chapel-st-peter-s","5","Rome","Lazio","Vatican Museums + Sistine Chapel + St Peter's","all","art","base","","In Rome — Metro A to Ottaviano","https://tickets.museivaticani.va/","","",""
"5-bomarzo-the-park-of-the-monsters","5","Bomarzo","Lazio","Bomarzo — the Park of the Monsters","all","architecture","day","~€13pp","Day-trip — train to Orte/Viterbo + bus; ~1h30","","","",""
"5-calcata","5","Calcata","Lazio","Calcata","all","weird","day","","Bus from Rome (Saxa Rubra) toward Calcata","","","",""
"5-civita-di-bagnoregio-the-dying-city","5","Bagnoregio","Lazio","Civita di Bagnoregio — the 'dying city'","all","architecture","day","~€5pp footbridge","Day-trip — train to Orvieto + bus","","","",""
"5-falconer-for-a-day-la-selvotta","5","Formello","Lazio","Falconer for a Day — La Selvotta","keir","animals","day","~€60–90pp","Day-trip — needs a taxi/transfer (~20km NW)","","","",""
"5-tarot-garden-giardino-dei-tarocchi","5","Capalbio","Tuscany","Tarot Garden (Giardino dei Tarocchi)","all","art","day","","Train to Capalbio Scalo, then short taxi/walk","","","",""
"5-frasassi-caves-the-ancona-abyss","5","Genga","Marche","Frasassi Caves — the Ancona Abyss","jude","caves","far","~€18pp","Far — train to Genga ~3h+; better on its own trip","","","",""
"5-pitigliano-the-vie-cave","5","Pitigliano","Tuscany","Pitigliano + the Vie Cave","jude","rock","far","Free (town)","Far — train + bus ~2h30; better as its own outing","","","",""
"6-borges-labyrinth-san-giorgio-maggiore","6","San Giorgio","Veneto","Borges Labyrinth — San Giorgio Maggiore","all","maze","base","~€10pp","In Venice — vaporetto to San Giorgio; book ahead","","","",""
"6-cannaregio-and-the-jewish-ghetto","6","Venice / Lido","Veneto","Cannaregio and the Jewish Ghetto","all","sight","base","","Vaporetto to Cannaregio","https://www.veneziaunica.it/en","","",""
"6-carnival-mask-making-workshop","6","Venice","Veneto","Carnival mask-making workshop","grey · all","craft","base","~€40pp","In Venice — central studios","https://www.camacana.com/en-UK/find-your-course.php","","",""
"6-climb-the-campanile-clock-tower","6","Venice / Lido","Veneto","Climb the Campanile + clock tower","all","architecture","base","","Vaporetto to San Marco","https://torreorologio.visitmuve.it/en/","","",""
"6-doge-s-palace-secret-itineraries","6","Venice","Veneto","Doge's Palace — Secret Itineraries","all · keir","secret","base","~€32pp tour","In Venice — vaporetto to San Marco; book the tour","https://palazzoducale.visitmuve.it/en/","","",""
"6-get-lost-on-purpose","6","Venice / Lido","Veneto","Get lost on purpose","all","maze","base","","On foot from any vaporetto stop","https://www.italiakids.com","","",""
"6-grand-canal-by-vaporetto-line-1","6","Venice / Lido","Veneto","Grand Canal by vaporetto (Line 1)","all","transport","base","transit pass","Vaporetto Line 1","","","",""
"6-hidden-city-treasure-hunt","6","Venice","Veneto","Hidden-city treasure hunt","all","hunt","base","~€25pp","In Venice — self-guided from a start point","","","",""
"6-homo-faber-if-dates-align","6","Venice / Lido","Veneto","Homo Faber (if dates align)","all","craft","base","","Vaporetto to San Giorgio Maggiore","https://www.homofaber.com/en","","",""
"6-kayak-the-lagoon-hidden-canals","6","Venice","Veneto","Kayak the lagoon & hidden canals","rhys","thrill","base","~€60pp","In Venice — operator meeting point","","","",""
"6-learn-to-row-venetian-style","6","Venice","Veneto","Learn to row Venetian-style","rhys","water","base","~€40–80pp","In Venice — operator meeting point","","","",""
"6-libreria-acqua-alta","6","Venice / Lido","Veneto","Libreria Acqua Alta","all","weird","base","free","Vaporetto + walk to Castello","https://www.comune.venezia.it/","","",""
"6-lido-beach-vaporetto-rides","6","Lido","Veneto","Lido beach + vaporetto rides","keir · all","water","base","Vaporetto pass","In Venice — you're based on the Lido","","","",""
"6-murano-watch-glassblowing-make-a-bead","6","Murano","Veneto","Murano — watch glassblowing, make a bead","keir · all","craft","base","~€30–60pp","In Venice — vaporetto to Murano; bead class age 10+ (email re Keir)","","","",""
"6-natural-history-museum","6","Venice / Lido","Veneto","Natural History Museum","keir","animals","base","","Vaporetto to San Stae","https://msn.visitmuve.it/en/","","",""
"6-peggy-guggenheim-accademia","6","Venice / Lido","Veneto","Peggy Guggenheim / Accademia","rhys · jude","art","base","","Vaporetto to Dorsoduro/Accademia","https://www.guggenheim-venice.it/en/","","",""
"6-rialto-market-cicchetti-crawl","6","Venice / Lido","Veneto","Rialto market + cicchetti crawl","all","market","base","","Vaporetto to Rialto (San Polo/Dorsoduro)","","","",""
"6-scala-contarini-del-bovolo","6","Venice","Veneto","Scala Contarini del Bovolo","all","architecture","base","~€8pp","In Venice — near San Marco, walkable","https://www.gioiellinascostidivenezia.it/en/scala-contarini-del-bovolo/","","",""
"6-scuola-grande-di-san-rocco","6","Venice / Lido","Veneto","Scuola Grande di San Rocco","all","art","base","","Vaporetto + walk (San Polo)","https://www.scuolagrandesanrocco.org/en/","","",""
"6-squero-di-san-trovaso","6","Venice / Lido","Veneto","Squero di San Trovaso","keir · jude","craft","base","free","Vaporetto to Zattere (Dorsoduro)","","","",""
"6-st-mark-s-basilica-golden-mosaics","6","Venice / Lido","Veneto","St Mark's Basilica + golden mosaics","all","church","base","","Vaporetto to San Marco","https://www.basilicasanmarco.it/?lang=en","","",""
"6-the-traghetto-crossing","6","Venice / Lido","Veneto","The traghetto crossing","keir · rhys","transport","base","~€2","Traghetto at one of 7 crossing points","https://www.veneziaunica.it/en","","",""
"6-the-venetian-arsenal","6","Venice","Veneto","The Venetian Arsenal","all","whoa","base","Varies (grounds/museum)","In Venice — Castello district, walkable","","","",""
"6-venetian-cicchetti-cooking-class","6","Venice","Veneto","Venetian cicchetti cooking class","grey","food","base","~€131 / €66 kids","In Venice — Dorsoduro (Cesarine host home)","https://cesarine.com/en","","",""
"6-burano-torcello-islands","6","Burano","Veneto","Burano + Torcello islands","all","water","day","","Vaporetto north to Burano/Torcello","","","",""
"6-burano-s-crooked-campanile-and-lace-museum","6","Burano","Veneto","Burano's crooked campanile and Lace Museum","grey","craft","day","","Vaporetto 12 to Burano","https://museomerletto.visitmuve.it/en/home/","","",""
"6-canalside-anniversary-dinner-venice","6","Venice","Veneto","Canalside anniversary dinner, Venice","all","dining","day","","Vaporetto from the Lido into Venice.","","","",""
"6-grotte-di-oliero-by-boat","6","Valstagna","Veneto","Grotte di Oliero — by boat","jude","caves","day","~€10pp","Day-trip — train + bus ~1h30","","","",""
"6-museo-del-precinema-magic-lanterns","6","Padua","Veneto","Museo del Precinema — magic lanterns","all","weird","day","~€10pp","Day-trip — 30-min train to Padua","","","",""
"6-museo-nicolis-cars-machines","6","Verona","Veneto","Museo Nicolis — cars & machines","jude","machines","day","~€12pp","Day-trip — train to Verona + local","","","",""
"6-padua-day-trip","6","Padua","Veneto","Padua day-trip","all","art","day","","Train to Padova","https://www.turismopadova.it/en/","","",""
"6-san-michele-the-cemetery-island","6","Venice / Lido","Veneto","San Michele — the cemetery island","rhys · jude","secret","day","free","Vaporetto 4.1/4.2 from Fondamente Nove","","","",""
"6-san-pelagio-minotaur-mirror-mazes","6","Padua","Veneto","San Pelagio — Minotaur & mirror mazes","all","maze","day","~€12pp","Day-trip — train to Padua + local","","","",""
"6-the-plague-islands-by-boat","6","Venice / Lido","Veneto","The plague islands by boat","rhys · jude","underground","day","","Private boat tour from Venice","https://www.getyourguide.com/venice-l35/poveglia-island-exploration-tour-from-venice-t1196393/","","",""
"6-torcello-s-devil-s-bridge-and-attila-s-throne","6","Torcello","Veneto","Torcello's Devil's Bridge and Attila's throne","keir","weird","day","","Vaporetto 12 + 9 via Burano","","","",""
"6-villa-pisani-labyrinth-stra","6","Stra","Veneto","Villa Pisani labyrinth — Stra","all","maze","day","~€10pp","Day-trip — train/bus toward Padua, ~45 min","","","",""
"6-grotta-gigante-the-giant-cavern","6","Trieste","Friuli","Grotta Gigante — the giant cavern","jude","caves","far","~€13pp","Far — train to Trieste ~2h + bus; better as its own trip","","","",""
"7-a-family-hike-a-rifugio-lunch","7","Dolomites","Trentino–Alto Adige","A family hike + a rifugio lunch","grey · keir · all","food","base","","Gentle trails off any lift","https://www.suedtirol.info/en","","",""
"7-a-gourmet-ladin-dinner","7","Ortisei","Trentino–Alto Adige","A gourmet Ladin dinner","grey","dining","base","","Val Gardena mountain hotel","https://www.valgardena.it/en/culinary-delights/","","",""
"7-alpe-di-siusi-europe-s-biggest-meadow","7","Alpe di Siusi","Trentino–Alto Adige","Alpe di Siusi — Europe's biggest meadow","all","mountain","base","~€25–30pp return","Gondola from Ortisei (car road closed 9–5)","https://www.seiseralm.it/en/","","",""
"7-cable-cars-plural","7","Dolomites","Trentino–Alto Adige","Cable cars, plural","keir · grey · all","transport","base","","Various gondolas from Ortisei and Bolzano","https://www.valgardena.it/en/mountain-lifts/","","",""
"7-col-raiser-puez-odle-walks","7","Santa Cristina","Trentino–Alto Adige","Col Raiser + Puez-Odle walks","all","mountain","base","~€25pp return","Gondola from Santa Cristina — ~10 min drive","","","",""
"7-gostner-schwaige-alpine-dairy-hut","7","Alpe di Siusi","Trentino–Alto Adige","Gostner Schwaige — alpine dairy hut","all","food","base","~€20–30pp lunch","Gondola to Compatsch + hut bus/walk (drive by car after 5pm)","","","",""
"7-hike-cheese-workshop","7","Alpe di Siusi","Trentino–Alto Adige","Hike & Cheese Workshop","grey","food","base","~€600–900 (private day)","Guided — private transfer + cable car included","","","",""
"7-museum-gherde-ina-ortisei","7","Ortisei","Trentino–Alto Adige","Museum Gherdëina — Ortisei","jude","rock","base","~€6pp","In Ortisei — walkable","","","",""
"7-sassolungo-the-coffin-lift","7","Passo Sella","Trentino–Alto Adige","Sassolungo — the 'coffin lift'","rhys","thrill","base","~€20pp return","Drive ~25–30 min to Passo Sella","","","",""
"7-seceda-the-knife-edge-ridge","7","Val Gardena","Trentino–Alto Adige","Seceda — the knife-edge ridge","all","mountain","base","~€44pp return","Gondola from Ortisei — on your doorstep","https://www.seceda.it/en/summer","","",""
"7-toboggan-runs-playgrounds","7","Ortisei","Trentino–Alto Adige","Toboggan runs + playgrounds","keir · grey","thrill","base","","Around Val Gardena","https://www.valgardena.it/en/family-holidays/","","",""
"7-val-gardena-villages-ladin-woodcarving","7","Ortisei","Trentino–Alto Adige","Val Gardena villages + Ladin woodcarving","all","craft","base","","Base valley — Ortisei, Santa Cristina, Selva","https://www.valgardena.it/en/","","",""
"7-watch-a-woodcarver-work","7","Ortisei","Trentino–Alto Adige","Watch a woodcarver work","keir · grey · all","craft","base","","Museum Gherdeina / workshops, Ortisei","https://www.museumgherdeina.it/en/","","",""
"7-wine-on-a-sunny-hut-terrace","7","Dolomites","Trentino–Alto Adige","Wine on a sunny hut terrace","all","dining","base","","Any rifugio terrace off a lift","https://www.suedtirol.info/en/experience/wine","","",""
"7-bletterbach-the-fossil-canyon","7","Aldino","Trentino–Alto Adige","Bletterbach — the fossil canyon","jude","rock","day","~€8–10pp","Drive ~1h–1h15 (great use of the car)","https://www.bletterbach.info/en/","","",""
"7-castel-roncolo-schloss-runkelstein","7","Bolzano","Trentino–Alto Adige","Castel Roncolo / Schloss Runkelstein","keir · rhys · grey · all","castle","day","","Drive — just outside Bolzano","https://www.runkelstein.info/en/","","",""
"7-cinque-torri-open-air-war-museum","7","Cortina","Trentino–Alto Adige","Cinque Torri open-air war museum","rhys · jude","underground","day","free","Drive ~1h15 toward Cortina + short chairlift from Bai de Dones","https://5torri.it/EN/p24-The-World-War-1-museum","","",""
"7-earth-pyramids-of-ritten","7","Bolzano","Trentino–Alto Adige","Earth Pyramids of Ritten","jude","rock","day","trails free","Renon cable car from Bolzano + narrow-gauge Renon railway","https://www.ritten.com/en/","","",""
"7-get-buried-in-a-hay-bath","7","Vols","Trentino–Alto Adige","Get buried in a hay bath","keir","weird","day","","Drive ~25 min to Vols (Heubad hotel spa)","","","",""
"7-lagazuoi-wwi-tunnels-in-the-mountain","7","Lagazuoi","Trentino–Alto Adige","Lagazuoi — WWI tunnels in the mountain","rhys · jude","thrill","day","Cable car ~€20pp","Drive ~1h to Passo Falzarego + cable car","https://www.lagazuoi.it/en/","","",""
"7-lago-di-braies","7","Braies","Trentino–Alto Adige","Lago di Braies","all","water","day","","Drive to Braies (Prags)","https://www.prags.bz/en/","","",""
"7-lago-di-carezza","7","Dolomites","Trentino–Alto Adige","Lago di Carezza","all","water","day","","Drive — roadside stop beneath the Latemar","","","",""
"7-messner-mountain-museum-firmian","7","Bolzano","Trentino–Alto Adige","Messner Mountain Museum Firmian","keir","maze","day","","Drive ~40 min to Bolzano","https://www.messner-mountain-museum.it/en/firmian/museum/","","",""
"7-museum-ladin-ciastel-de-tor","7","Val Badia","Trentino–Alto Adige","Museum Ladin Ciastel de Tor","keir · jude","castle","day","","Drive ~35 min to Val Badia","https://museumladin.it/en/ciastel-de-tor/","","",""
"7-otzi-the-iceman","7","Bolzano","Trentino–Alto Adige","Otzi the Iceman","jude · all","underground","day","","Drive to South Tyrol Museum of Archaeology, Bolzano","https://www.iceman.it/en/","","",""
"7-ridnaun-mine-world-the-show-tunnel","7","Ratschings","Trentino–Alto Adige","Ridnaun mine world + the show tunnel","jude","underground","day","","Drive ~1h to Ratschings","","","",""
"7-roter-hahn-farm-bread-strudel-baking","7","Kastelruth","Trentino–Alto Adige","Roter Hahn farm — bread & strudel baking","grey","food","day","~€30–60pp","Drive ~15–25 min; email a farm ahead","","","",""
"7-the-great-scenic-drives","7","Dolomites","Trentino–Alto Adige","The great scenic drives","jude · all","transport","day","","Drive — Gardena and Sella passes, Sellaronda, Passo Pordoi","https://www.valgardena.it/en/experience-nature/mountain-passes/","","",""
"7-to-rggelen-the-autumn-farm-dinner","7","Eisacktal","Trentino–Alto Adige","Törggelen — the autumn farm dinner","all","food","day","~€25–35pp","Drive ~30–50 min to the Eisacktal","","","",""
"7-torggelen-at-a-mountain-farm","7","Bolzano","Trentino–Alto Adige","Torggelen at a mountain farm","grey · all","food","day","","Drive to farms around Bolzano/Isarco (Red Rooster network)","https://www.roterhahn.it/en/","","",""
"7-trauttmansdorff-gardens-touriseum","7","Merano","Trentino–Alto Adige","Trauttmansdorff Gardens + Touriseum","grey · keir","nature","day","","Drive ~1h to Merano","https://www.trauttmansdorff.it/en/","","",""
"7-val-di-fassa-predazzo-geology-trails","7","Predazzo","Trentino–Alto Adige","Val di Fassa / Predazzo — geology trails","jude","rock","day","~€8pp museum","Drive ~45 min","","","",""
"7-via-ferrata-averau-gran-cir","7","Passo Gardena","Trentino–Alto Adige","Via ferrata — Averau / Gran Cir","rhys","thrill","day","~€300–450 guided","Drive + guided; weather-dependent mid-Oct","","","",""
"7-the-drowned-village-of-reschensee","7","Dolomites","Trentino–Alto Adige","The drowned village of Reschensee","all","weird","far","","Drive ~2h each way to the Vinschgau","https://www.suedtirol.info/en/en/regions/villages/reschenpass---passo-resia","","",""
