Name,Category,Region,Base,Reachability,For,Adventure,Rockhound/Mountain,What it is,Notes
Novara — San Gaudenzio dome climb,On-the-way detour,Piedmont,Milan→Turin,On-the-way,All,High,No,"Climb INSIDE Antonelli's 121m dome on masonry walkways — Escher-grade","Dome path age 6+ (all kids), open Sundays, ~€12pp"
Vercelli — Basilica di Sant'Andrea,On-the-way detour,Piedmont,Milan→Turin,On-the-way,All,No,No,"Early-Gothic basilica, 10-min walk from station, free","Low-friction quick hop"
Damanhur — Temples of Humankind,Underground/esoteric,Piedmont,Turin,Day-trip,All,No,No,"Hand-dug underground esoteric cathedral, sacred geometry","BEST as Mon Sep 14 day-trip from Turin; train to Ivrea + taxi; pre-book English tour ~€78pp; min age 9"
Genoa — Nazario Sauro walk-through submarine,On-the-way detour,Liguria,Turin→Chiavari,On-the-way,All,No,No,"Real submarine you walk bow-to-stern at Galata maritime museum","Change trains in Genoa anyway; ~€90-105/6; 10-min walk from Piazza Principe"
Genoa — Sacro Catino (the 'Holy Grail'),On-the-way detour,Liguria,Turin→Chiavari,On-the-way,All,High,No,"Green-glass dish long sworn to be the Holy Grail, in San Lorenzo crypt","Voynich bait; open Tue but midday-closes; ~€40/6"
Asti — medieval towers,On-the-way detour,Piedmont,Turin→Chiavari,On-the-way,All,No,No,"Climb Torre Troyana, city of 100 towers, wine town","Open Tue; low-friction inland alt"
Carrara — 4x4 marble quarry tour,Rockhound anchor,Tuscany,Chiavari→Florence,On-the-way,Jude,High,Yes,"Land Rover up into working white-marble quarries Michelangelo used","ANCHOR of the Carrara day; operator can hold your 6 bags (confirm by email)"
Cave di Fantiscritti — Carrara,Rockhound,Tuscany,Chiavari→Florence,On-the-way,Jude,High,Yes,"The actual marble-extraction cut + cave museum","Deeper into real quarrying than viewing from below"
Pietrasanta — marble-carving town,Craft/rockhound,Tuscany,Chiavari→Florence,On-the-way,Jude,High,Yes,"Sculptors' studios, bronze foundries, free Museo dei Bozzetti (sketch→marble)","Across the road from the station — zero bag friction; raw stone AM → art PM"
Pisa — Leaning Tower + Camposanto death-fresco,On-the-way detour,Tuscany,Chiavari→Florence,On-the-way,All,High,No,"Tower climb (age 8+) + macabre 'Triumph of Death' fresco","You change at Pisa anyway; station left-luggage; book tower ahead"
Lucca — cathedral labyrinth + rooftop-oak tower,Maze/architecture,Tuscany,Chiavari→Florence,Day-trip,All,High,No,"Carved facade labyrinth, Volto Santo relic, Torre Guinigi with oaks on top","Best theme match but needs reroute — an 'instead-of' day"
Orvieto — Pozzo di San Patrizio (double-helix well),On-the-way detour,Umbria,Florence→Rome,On-the-way,All,High,No,"Double-helix well, two spiral stairs that never meet, 248 steps","THE Escher object; right at funicular top, walk-up ~€6pp; cheap left-luggage"
Orvieto Underground,Underground/caves,Umbria,Florence→Rome,On-the-way,All,High,No,"Etruscan cave-tunnels and wells under the tufa city","Pairs with the well; guided ~1h"
Chiusi — Labirinto di Porsenna,Maze/underground,Tuscany,Florence→Rome,On-the-way,All,High,No,"Literal Etruscan tunnel-labyrinth under the cathedral","MAYBE — must pre-book, weekend buses sparse"
Arezzo — Piero frescoes + armour hall,On-the-way detour,Tuscany,Florence→Rome,On-the-way,Jude,No,No,"Piero della Francesca frescoes + floor of arms & armour","Easiest station walk; pre-book the frescoes"
Milan — Leonardo Science & Tech Museum,Machines/engineering,Lombardy,Milan,In-base,All,High,No,"Italy's biggest science museum + the walk-through Enrico Toti submarine","Perfect jet-lag first day; EU under-18 free"
Milan — Enrico Toti submarine (inside museum),Big WHOA,Lombardy,Milan,In-base,Keir,High,No,"A whole submarine indoors you walk through","Inside the Leonardo museum"
Milan — Museo di Storia Naturale (mineral hall),Rockhound,Lombardy,Milan,In-base,Jude,No,Yes,"Serious mineralogy & gem hall — meteorites, crystals, cut stones","~30 min by metro from San Siro; EU under-18 free"
Milan — Museum of Senses,Weird museum,Lombardy,Milan,In-base,All,No,No,"Hands-on illusions and sensory tricks",""
Milan — Duomo-to-La Scala kids treasure hunt,Treasure hunt,Lombardy,Milan,In-base,Grey,No,No,"Kid scavenger hunt through the center","Bookable product"
Milan — Teatro alla Scala museum/theatre,Behind-the-scenes,Lombardy,Milan,In-base,All,No,No,"The legendary opera house + museum",""
Cremona — violin-making workshop,Craft/workshop,Lombardy,Milan,Day-trip,Jude,High,No,"Watch a luthier build a violin by hand","Jude 'workshops'; ~1h from Milan"
Bernina Railway from Tirano,Transport/geology,Lombardy,Milan,Day-trip,Jude,High,Yes,"Spiral tunnels, viaducts, glaciers into Switzerland","Long but spectacular; UNESCO rail"
Rocca di Angera,Castle,Lombardy,Milan,Day-trip,Keir,No,No,"Huge fortress above Lake Maggiore","~1.5h + boat"
Borromean Islands ferry hop — Lake Maggiore,Water/boats,Lombardy,Milan,Day-trip,All,No,No,"Island-hop palaces and gardens by ferry",""
Orrido di Nesso — Lake Como,Water/geology,Lombardy,Milan,Day-trip,All,High,Yes,"Gorge and waterfalls beneath the village","Rock-carved by water"
Orrido di Bellano — Lake Como,Water/geology,Lombardy,Milan,Day-trip,All,No,Yes,"Suspended walkways through a water-carved gorge",""
Ecomuseo Adda di Leonardo,Machines/engineering,Lombardy,Milan,Day-trip,Jude,No,No,"Leonardo's canals, locks and engineering landscape",""
Ponte nel Cielo — Tartano,Climbing/thrill,Lombardy,Milan,Far,Rhys,High,No,"Huge Tibetan-style suspension bridge","Far; big thrill"
Grotte del Sogno / Grotte delle Meraviglie,Caves,Lombardy,Milan,Day-trip,Keir,No,Yes,"Limestone show-caves near Bergamo","San Pellegrino / Zogno"
Turin — Mole Antonelliana + glass lift + Cinema Museum,Big WHOA/weird museum,Piedmont,Turin,In-base,Keir,High,No,"Glass elevator up the hollow tower + optical-illusion cinema museum","Keir favorite"
Turin — Museo Egizio,Museum,Piedmont,Turin,In-base,Keir,High,No,"Oldest Egyptian museum, mummies & sarcophagi","EU under-18 free"
Turin — Torino Sotterranea (Underground Turin),Underground,Piedmont,Turin,In-base,All,High,No,"Siege tunnels, cellars and WWII air-raid shelters","Guided; on-brand"
Turin — Museo Lombroso (criminal anthropology),Weird museum,Piedmont,Turin,In-base,Rhys,High,No,"Macabre criminal-anthropology collection","Teen-plus"
Turin — Museum of Illusions,Weird museum,Piedmont,Turin,In-base,All,No,No,"Hands-on optical illusions",""
Turin — Museo Regionale di Scienze Naturali,Rockhound,Piedmont,Turin,In-base,Jude,No,Yes,"Geological & mineralogical collections","Reopened; verify hours"
Turin — Superga rack railway,Transport,Piedmont,Turin,In-base,Keir,High,No,"Historic rack tram up to the basilica",""
Turin — chocolate-making experience,Food making,Piedmont,Turin,In-base,Grey,No,No,"Turin is Italy's chocolate capital — make your own","Grey"
Sacra di San Michele,Castle/abbey,Piedmont,Turin,Day-trip,All,High,No,"Mountaintop abbey (Name of the Rose)","Train to Sant'Ambrogio + shuttle"
Castello di Masino labyrinth,Maze,Piedmont,Turin,Day-trip,All,No,No,"Historic hedge maze + castle",""
Grotta di Bossea,Caves,Piedmont,Turin,Day-trip,Jude,High,Yes,"Alpine karst show-cave","Rockhound"
Truffle hunt with dogs — Langhe,Food/animals,Piedmont,Turin,Day-trip,All,High,No,"Hunt truffles with trained dogs","Autumn = white-truffle season"
Ferrovia delle Meraviglie (Railway of Wonders),Transport/geology,Piedmont/Liguria,Turin,Day-trip,Jude,High,Yes,"Mountain railway of viaducts and helical tunnels","Cuneo–Ventimiglia; long"
Forte di Bard,Castle/fort,Aosta Valley,Turin,Far,All,High,No,"Enormous fortress stacked up a mountain","Far; Aosta Valley"
Castello di Fenis,Castle,Aosta Valley,Turin,Far,Keir,No,No,"Quintessential turreted medieval castle","Far"
Gran Paradiso — ibex & marmots,Animals/mountains,Aosta Valley,Turin,Far,Jude,High,Yes,"Alpine wildlife, glaciers, exposed rock","Far"
Chiavari/Levanto — pesto with mortar & pestle,Food making,Liguria,Chiavari,In-base,Grey,High,No,"Make real Ligurian pesto by hand","Grey"
Genova Righi Adventure Park,Climbing/thrill,Liguria,Chiavari,Day-trip,Rhys,High,No,"Ropes course among Genoa's historic fortifications","Teens"
Genova — Aquarium,Water/animals,Liguria,Chiavari,Day-trip,Keir,No,No,"Italy's biggest aquarium","Timed booking; half-day"
Genova — Palazzi dei Rolli / caruggi maze,Architecture,Liguria,Chiavari,Day-trip,All,No,No,"UNESCO palaces + medieval alley maze","On the Turin→Chiavari day too"
Portovenere / Byron Grotto,Water/geology,Liguria,Chiavari,In-base,All,High,Yes,"Sea cave and dramatic Ligurian coast","Boat"
Cinque Terre sea-kayak cave & coast,Water/thrill,Liguria,Chiavari,In-base,Rhys,High,No,"Kayak the cliffs and sea caves","Teens; also great for all"
Monterosso beach + coastal ferry,Water/boats,Liguria,Chiavari,In-base,Keir,No,No,"The one real Cinque Terre beach + boat hops","Keir pace-day"
Antro del Corchia,Caves/rockhound,Tuscany,Chiavari,Day-trip,Jude,High,Yes,"Huge karst cave system inside the Apuan Alps","Rockhound; near Carrara"
Grotte di Equi,Caves/rockhound,Tuscany,Chiavari,Day-trip,Jude,High,Yes,"Caves right in the Apuan Alps","Near Carrara"
Florence — Scuola del Cuoio (leather school),Craft/workshop,Tuscany,Florence,In-base,Jude,High,No,"Working leather school inside Santa Croce — Jude's leatherworking","JUDE ASK: leatherworking; book a workshop"
Florence — La Specola (minerals + anatomical waxes),Rockhound/weird museum,Tuscany,Florence,In-base,Jude,High,Yes,"Reopened mineral hall (Medici crystals) + famous anatomical waxes","~10-min walk from San Frediano; book ahead"
Florence — Museo di Mineralogia,Rockhound,Tuscany,Florence,In-base,Jude,No,Yes,"Major historic university mineral collection","Jude"
Florence — Museo Galileo,Machines/engineering,Tuscany,Florence,In-base,All,High,No,"Old scientific instruments, globes, telescopes","On-brand"
Florence — Palazzo Vecchio secret passages,Behind-the-scenes,Tuscany,Florence,In-base,All,High,No,"Guide unlocks hidden passages, stairs, roof","Book the 'secret passages' tour"
Florence — Le Arti Orafe stone-setting,Craft/workshop,Tuscany,Florence,In-base,Jude,High,Yes,"Set a real gemstone on a silver ring, keep it","Jude; email re 16yo"
Florence — Uffizi family treasure hunt,Treasure hunt,Tuscany,Florence,In-base,Grey,No,No,"Kid-focused hunt through the Uffizi",""
Florence — Hidden Florence treasure hunt,Treasure hunt,Tuscany,Florence,In-base,All,No,No,"Scavenger hunt of secret symbols",""
Florence — Brunelleschi dome climb,Big WHOA,Tuscany,Florence,In-base,All,High,No,"Climb between the double shells of the Duomo dome","Book timed slot"
Florence — Florentine paper marbling,Craft/workshop,Tuscany,Florence,In-base,Grey,No,No,"Make marbled paper by hand","Workshop"
Florence — gelato-making class,Food making,Tuscany,Florence,In-base,Grey,No,No,"Churn your own gelato","Grey"
Vinci — Museo Leonardiano,Machines/engineering,Tuscany,Florence,Day-trip,Jude,High,No,"Leonardo's machines in his birthplace town","Day-trip"
Scarperia — knife/cutlery making,Craft/workshop/rockhound,Tuscany,Florence,Day-trip,Jude,High,No,"Historic blade town; knife-making workshops","JUDE 'workshops'; also gemstone-hard steel craft"
Volterra — alabaster carving,Craft/rockhound,Tuscany,Florence,Day-trip,Jude,High,Yes,"Carve alabaster stone in the ancient workshop town","Jude; rockhound + workshop"
Grotta del Vento — Garfagnana,Caves/rockhound,Tuscany,Florence,Day-trip,Jude,High,Yes,"Excellent cave geology in the Apuan Alps","Rockhound; ~2h"
Museum of Torture — San Gimignano,Weird museum,Tuscany,Florence,Day-trip,Rhys,No,No,"Medieval torture instruments","Tolerance-dependent"
Villa Garzoni labyrinth — Collodi,Maze,Tuscany,Florence,Day-trip,All,No,No,"Historic hedge maze + Pinocchio park","Near Lucca"
Wolf/wildlife tracking — Foreste Casentinesi,Animals/nature,Tuscany,Florence,Day-trip,Jude,High,No,"Guided wolf & wildlife tracking in the national park",""
Toiano — abandoned village,Abandoned/creepy,Tuscany,Florence,Day-trip,Rhys,High,No,"Largely abandoned tufa village","Atmospheric"
Bologna — hands-on pasta/tortellini class,Food making,Emilia-Romagna,Florence,Day-trip,Grey,High,No,"Make tagliatelle & tortellini by hand","Grey; Taste Bologna sells out"
Bologna — Carpigiani Gelato Museum workshop,Food making,Emilia-Romagna,Florence,Day-trip,Grey,High,No,"Make your own gelato where the machine was invented","Only ~2 English slots/day"
Modena — traditional balsamic acetaia,Food/behind-the-scenes,Emilia-Romagna,Florence,Day-trip,Grey,High,No,"See real balsamic age in barrels, taste DOP","Book ahead"
Parmigiano-Reggiano dairy visit,Food/behind-the-scenes,Emilia-Romagna,Florence,Day-trip,Grey,High,No,"Watch the king of cheeses made at dawn","Mandatory advance booking"
Ferrari / Lamborghini / Ducati Motor Valley,Machines,Emilia-Romagna,Florence,Day-trip,Jude,High,No,"Supercar museums + live factory lines","Jude cars; via Modenatur, carless transfers"
Bologna towers + 40km porticoes,Architecture,Emilia-Romagna,Florence,Day-trip,All,No,No,"Lean-your-neck towers, arcades to run under",""
Faenza ceramics workshop,Craft/workshop,Emilia-Romagna,Florence,Day-trip,Grey,No,No,"Paint/throw ceramics in the ceramic capital","Workshop"
Dozza — village of murals,Architecture,Emilia-Romagna,Florence,Day-trip,All,No,No,"Medieval streets covered in murals",""
Labirinto della Masone — Fontanellato,Maze,Emilia-Romagna,Florence,Day-trip,All,High,No,"The world's largest bamboo labyrinth","Top pick; near Parma (long day)"
Rocca Sanvitale di Fontanellato,Castle,Emilia-Romagna,Florence,Day-trip,Keir,No,No,"Moated fortress with camera obscura","Near the Masone maze"
Castello di Torrechiara,Castle,Emilia-Romagna,Florence,Far,Keir,No,No,"Dramatic hilltop castle near Parma","Far"
Castello di Bardi,Castle/fort,Emilia-Romagna,Florence,Far,Jude,High,No,"Huge rock fortress with prisons & ramparts","Far"
Castello di Gropparello,Castle,Emilia-Romagna,Florence,Far,Keir,High,No,"Castle + woodland fairy-tale adventure park","Far; Piacenza"
Rome — Colosseum Underground,Behind-the-scenes,Lazio,Rome,In-base,All,High,No,"The hypogeum tunnels beneath the arena floor","Book the special access"
Rome — Basilica di San Clemente underground,Underground,Lazio,Rome,In-base,All,High,No,"Descend through 3 layers to a pagan temple + stream",""
Rome — Catacombs (Priscilla / Domitilla / San Callisto),Underground,Lazio,Rome,In-base,All,High,No,"Kilometers of early-Christian burial tunnels",""
Rome — Capuchin Crypt (bone chapel),Weird museum,Lazio,Rome,In-base,All,High,No,"Rooms decorated entirely in monks' bones","On-brand"
Rome — Museum of the Holy Souls in Purgatory,Weird museum,Lazio,Rome,In-base,Rhys,High,No,"Alleged scorch-marks left by souls","Tiny & bizarre"
Rome — Palazzo Spada forced-perspective gallery,Maze/illusion,Lazio,Rome,In-base,All,High,No,"Borromini's optical-trick colonnade",""
Rome — Quartiere Coppede,Architecture,Lazio,Rome,In-base,All,High,No,"Fairy-tale/monster art-nouveau quarter","Free to wander"
Rome — Castel Sant'Angelo,Castle/fort,Lazio,Rome,In-base,All,High,No,"Fortress ramps, corridors, papal escape passage",""
Rome — Centrale Montemartini,Machines/museum,Lazio,Rome,In-base,Jude,High,No,"Roman statues among giant power-station machinery",""
Rome — Scuola Gladiatori (gladiator school),Physical/adventure,Lazio,Rome,In-base,Keir,High,No,"Train with a wooden sword, mini-tournament","Keir favorite; age 6+; on Via Appia"
Rome — pizza-making class,Food making,Lazio,Rome,In-base,Grey,High,No,"Roll & bake your own pizza + gelato","Grey; InRome Cooking kids class"
Rome — Roman Forum family treasure hunt,Treasure hunt,Lazio,Rome,In-base,Grey,No,No,"Story-driven kids' hunt through the Forum",""
Rome — St Peter's dome climb,Big WHOA,Lazio,Rome,In-base,All,No,No,"Climb the cupola for the city view",""
Sacro Bosco / Monsters of Bomarzo,Weird architecture,Lazio,Rome,Day-trip,All,High,No,"Giant grotesque stone monsters in a garden","Top pick; near Orvieto"
Civita di Bagnoregio,Weird architecture,Lazio,Rome,Day-trip,All,High,No,"'Dying city' reached by a long footbridge","Near Orvieto"
Falconer for a Day — La Selvotta,Animals/adventure,Lazio,Rome,Day-trip,Keir,High,No,"A bird of prey flies free and lands on your glove","<20km from Rome; Keir"
Monterano ruins + ghost village,Abandoned/creepy,Lazio,Rome,Day-trip,Rhys,High,No,"Abandoned medieval town, aqueduct, convent ruins","Atmospheric"
Marino Sotterranea,Underground,Lazio,Rome,Day-trip,All,No,No,"Interconnected peperino tunnels — an underground town",""
Calcata,Weird architecture,Lazio,Rome,Day-trip,All,No,No,"Labyrinthine artists' village on a cliff",""
Marmore Falls,Big WHOA/nature,Umbria,Rome,Day-trip,All,High,No,"Monumental engineered waterfall","Near Terni"
Deruta pottery painting,Craft/workshop,Umbria,Rome,Day-trip,Grey,No,No,"Paint majolica in the ceramic town","Workshop"
Pitigliano + Vie Cave,Rockhound/architecture,Tuscany,Rome,Day-trip,Jude,High,Yes,"Tufa town + Etruscan roads cut as deep rock trenches","Jude rockhound; also Florence-side"
Bambini e Fattoria — educational farm,Animals,Lazio,Rome,Day-trip,Keir,No,No,"Feed ponies, alpacas, donkeys, goats","Cerveteri ~45min"
Venice — Murano glassblowing + make a glass bead,Craft/workshop,Veneto,Venice,In-base,Keir,High,No,"Watch a maestro, then make your own bead","Bead class 10+; email re Keir 9"
Venice — Doge's Palace Secret Itineraries,Behind-the-scenes,Veneto,Venice,In-base,All,High,No,"Hidden offices, interrogation rooms, prisons, passages","Prioritize over the standard tour"
Venice — Doge's Palace armoury,Museum/swords,Veneto,Venice,In-base,Keir,High,No,"Suits of armour, swords, crossbows","EU under-18 free"
Venice — Arsenal (medieval shipyard),Big WHOA,Veneto,Venice,In-base,All,High,No,"Enormous historic shipbuilding complex",""
Venice — Borges Labyrinth (San Giorgio Maggiore),Maze,Veneto,Venice,In-base,All,High,No,"Hedge maze based on Borges' story","Book the island visit"
Venice — Scala Contarini del Bovolo,Architecture,Veneto,Venice,In-base,All,No,No,"External spiral tower-staircase",""
Venice — traditional rowing lesson,Water/boats,Veneto,Venice,In-base,Rhys,High,No,"Learn to row Venetian-style standing up","Teens & up"
Venice — lagoon kayak exploration,Water/thrill,Veneto,Venice,In-base,Rhys,High,No,"Kayak the hidden canals & lagoon","Teens"
Venice — mask-making workshop,Craft/workshop,Veneto,Venice,In-base,Grey,No,No,"Make & paint a Carnival mask","Workshop"
Venice — Venetian cicchetti cooking class,Food making,Veneto,Venice,In-base,Grey,No,No,"Make Venetian bar snacks in a local's home","Cesarine; Grey"
Venice — hidden-city treasure hunt,Treasure hunt,Veneto,Venice,In-base,All,No,No,"Secret symbols, alleys and clues",""
Lido beach + vaporetto rides,Water/boats,Veneto,Venice,In-base,Keir,No,No,"Beach island run-around + water-bus thrills","Keir pace-day; MuMu's island"
Villa Pisani labyrinth — Stra,Maze,Veneto,Venice,Day-trip,All,High,No,"Famous historic hedge maze with a central tower","On the Venice–Padua line"
Castello di San Pelagio mazes — Padua,Maze,Veneto,Venice,Day-trip,All,High,No,"Minotaur hedge maze + mirror maze","Padua day-trip"
Padua — Museo del Precinema (magic lanterns),Weird museum,Veneto,Venice,Day-trip,All,High,No,"Magic lanterns & proto-cinema devices","Minici Zotti collection"
Grotte di Oliero — by boat,Water/caves,Veneto,Venice,Day-trip,Jude,High,Yes,"Cave springs entered by boat","Rockhound; ~1.5h"
Museo Nicolis — Villafranca,Machines,Veneto,Venice,Day-trip,Jude,High,No,"Cars, motorcycles, bikes, machines","Jude cars; near Verona"
Verona — Castel San Pietro funicular,Transport,Veneto,Venice,Day-trip,Keir,No,No,"Funicular up to the city viewpoint","Verona day-trip"
Castello Scaligero di Sirmione,Castle,Lombardy,Venice,Day-trip,Keir,High,No,"Water-surrounded medieval fortress","Lake Garda"
Malcesine–Monte Baldo rotating cable car,Transport/mountains,Veneto,Venice,Far,Jude,High,Yes,"Rotating gondola into high-Alpine terrain","Lake Garda; far"
Grotta Gigante — Trieste,Caves/rockhound,Friuli,Venice,Far,Jude,High,Yes,"Cavern big enough to hold a cathedral","Far; marquee cave"
Palmanova — nine-point star fortress town,Architecture,Friuli,Venice,Far,Jude,High,No,"Entire city built as a star fort","Far; sacred geometry"
Vajont Dam & gorge,Machines/geology,Friuli/Veneto,Venice,Far,Jude,High,Yes,"Giant dam + catastrophic-landslide geology story","Far; sobering"
Dolomites — Seceda ridge cable car,Mountains,Trentino-Alto Adige,Dolomites,In-base,All,High,Yes,"Cable car to the tilted knife-edge Odle ridgeline","Open to Nov 2; golden larches"
Dolomites — Alpe di Siusi / Seiser Alm meadow day,Mountains,Trentino-Alto Adige,Dolomites,In-base,All,High,Yes,"Europe's largest alpine meadow, huts, animals","Open to Nov 2; birthday base"
Hike & Cheese Workshop — Alpe di Siusi,Food making/mountains,Trentino-Alto Adige,Dolomites,In-base,Grey,High,Yes,"Make fresh cheese by hand with a farmer, in English","Grey's Oct 12 birthday; season ends mid-Oct — CONFIRM date"
Gostner Schwaige — alpine dairy hut,Food/mountains,Trentino-Alto Adige,Dolomites,In-base,All,High,Yes,"Working dairy hut making its own cheese & butter","Open to Oct 28; birthday lunch"
Torggelen — autumn harvest-farm dinner,Food,Trentino-Alto Adige,Dolomites,Day-trip,All,High,No,"Chestnuts, new wine, strudel at a farm tavern","October-only; ~30-50min in the Eisacktal"
Roter Hahn farm — bread/strudel/butter + apple picking,Food making/workshop,Trentino-Alto Adige,Dolomites,Day-trip,Grey,High,No,"Private hands-on farm baking session","Arrange directly; apple-harvest season"
GEOPARC Bletterbach fossil canyon,Rockhound/geology,Trentino-Alto Adige,Dolomites,Day-trip,Jude,High,Yes,"8km gorge through 40M years of rock — fossils, tracks","Jude's best rock day; ~1h drive (use the car)"
Val di Fassa / Predazzo geology trails + museum,Rockhound/geology,Trentino-Alto Adige,Dolomites,Day-trip,Jude,High,Yes,"Volcanic + sedimentary Dolomite geology, mineral museum","Jude; close to Val Gardena"
Lagazuoi — WWI tunnels through the mountain,Climbing/history/geology,Trentino-Alto Adige,Dolomites,Day-trip,Rhys,High,Yes,"Hike through war tunnels cut into the Dolomite rock","Teens; exposed geology"
Via Ferrata Averau / Gran Cir,Climbing/thrill,Trentino-Alto Adige,Dolomites,Day-trip,Rhys,High,Yes,"Approachable family via ferrata with a guide","Teens; weather-dependent mid-Oct"
Sassolungo 'coffin lift',Transport/thrill,Trentino-Alto Adige,Dolomites,In-base,Rhys,High,Yes,"Tiny open 2-person cabins to a high saddle","CLOSES Oct 11 — do it your first day or not at all"
Col Raiser gondola + Puez-Odle walks,Mountains,Trentino-Alto Adige,Dolomites,In-base,All,High,Yes,"Quieter gondola into the nature park","Open to Nov 1; second easy-hike day"
Renon/Ritten cable car + narrow-gauge railway,Transport,Trentino-Alto Adige,Dolomites,Day-trip,Keir,No,No,"Cable car + little train above Bolzano","Earth pyramids nearby"
Forte Pozzacchio / Forte Belvedere Gschwent,Abandoned/fort,Trentino-Alto Adige,Dolomites,Day-trip,Jude,High,No,"WWI fortress carved into living rock","Creepy-real history"
Museum Gherdeina — Ortisei,Rockhound/museum,Trentino-Alto Adige,Dolomites,In-base,Jude,No,Yes,"Local Dolomite fossils, minerals, woodcarving","Rainy-day fix"
Elba — Rio Marina Mining Park,Rockhound,Tuscany,Off-route,Far,Jude,High,Yes,"Red iron-rich Martian landscape + mineral collecting","Sleeper hit for Jude; far (ferry from Piombino)"
Elba — Museo delle Miniere di Capoliveri,Rockhound,Tuscany,Off-route,Far,Jude,High,Yes,"Minerals + underground mine experience","Far"
Elba — mineral country (tourmaline, beryl, quartz),Rockhound,Tuscany,Off-route,Jude,High,Yes,"Famous mineral island; old mines","Far but marquee for Jude"
Frasassi Caves — Ancona Abyss,Caves/rockhound,Marche,Off-route,Far,Jude,High,Yes,"Chamber big enough to hold Milan Cathedral","Far; marquee cave"
Grotte di Camerano / Osimo,Underground,Marche,Off-route,Far,All,No,No,"Mysterious multi-level man-made tunnel complexes","Far"
Gradara Castle,Castle,Marche,Off-route,Far,Keir,No,No,"Intact walled medieval town + fortress","Far"
Monte Amiata + Abbadia San Salvatore mine museum,Rockhound,Tuscany,Off-route,Far,Jude,High,Yes,"Volcanic geology + descend into a mercury mine","Far"
