Fit,Park,Location,Region,Rentals,2026 close,Lifts,Kid-friendly,Nearest leg,Reachable notes
YES,Kronplatz Bike Park,Brunico / San Vigilio,South Tyrol,"Yes · kids 20/24""",Nov 8,Yes · gondola,Excellent,Dolomites (car),"FALLBACK, no longer the plan (rescoped 26 Aug 2026 — Keir is 9 and a novice, so the bike day is now the Ortisei railway trail). Still the only lift-served park in Italy open on our dates, to Nov 8, but ~1h25 each way from the Laion base via Ponte Gardena + A22 + the Puster valley. Skills parks + kids' school if we ever want the full version."
YES,Dolomiti Paganella Bike,Andalo / Molveno / Fai,Trentino,Yes · kids,late Oct / Nov (zones vary),Yes,Excellent,Dolomites (car),"25 trails, huge skills areas, academy; ~2h down the A22 from Kastelruth. The backup if Kronplatz somehow shuts — not the first choice, it's twice the drive."
MAYBE,Cimone Bike Park,Sestola / Montecreto / Fanano,Emilia-Romagna,Yes,September (final wknd TBD),Yes · 3 chairs,Yes · kids lessons,Florence,OPEN during your Florence week; ~2h from Florence (train+bus). Easy trails + lessons. Verify the last Sept weekend.
MAYBE,Il Ciocco Bike Park,Barga (Lucca),Tuscany,Yes · kids,September (shuttle),No · shuttle van,Excellent,Florence,"Shuttle not lift, but Italy's biggest indoor pump track + family trails + instructors. Train via Lucca→Barga + resort shuttle."
MAYBE,Amiata Freeride Bike Resort,Monte Amiata,Tuscany,Yes · kids + adult,into Oct (2026 TBD),Yes · chair + shuttle,Excellent,Florence / Rome,"The central-Italy option: lift-served, kid fun-park, open latest in Tuscany — BUT carless-brutal (no near train). Needs a rental car."
MAYBE,Finale Outdoor Region,Finale Ligure,Liguria,Yes · many shops,Year-round,No · shuttle/4x4,Choose trails,Chiavari,"No lift, but a huge trail network + a kids' MTB school (ages 7–11). ~2h west of Chiavari — a dedicated day."
MAYBE,Pila Bike Park,Pila / Aosta,Aosta Valley,Yes · kids + armor,Sep 13,Yes · gondola,Excellent · free 6–12 courses,Turin (Sep 11–13),"Best kids' park found — but lifts CLOSE Sun Sep 13. Train Turin→Aosta 2h, 5-min walk to gondola; needs an Aosta overnight by Sep 12."
MAYBE,Mottolino Bike Park,Livigno,Lombardy,Yes,Sep 27,Yes · gondola,Yes · beginner flow,Milan,"The full American-style park; open latest of the alpine lot. But ~4h30 from Milan = a 2-night trip, not a day-trip. Serious DH suits the teens."
MAYBE,Prato Nevoso Bike Park,Prato Nevoso,Piedmont,Yes,wknds; Sep TBD,Yes · chair + gondola,Excellent · pump track,Turin,Explicitly kid/beginner-aimed. From Turin (train + bus). Verify the Sep 12–13 weekend runs.
MAYBE,Folgaria Bike Park,Folgaria,Trentino,Yes · kids,Oct 4 (wknds after Sep 13),Yes,Excellent · baby bike park,Venice / Dolomites,Weekend of Oct 4 only. ~2–2.5h; possible drive from the Dolomites base or a Venice-week weekend.
MAYBE,Caldirock (Caldirola),Caldirola,Piedmont,Verify fleet,late Nov (weekends),Yes · chairlift,DH-leaning,Turin / Chiavari,"Open latest in NW Italy (weekends) — but DH-oriented, not little-kid progression. Reachable from Turin/Genoa."
MAYBE,San Domenico (Sando Bike),San Domenico di Varzo,Piedmont,Yes · adults + kids,autumn date TBD,Yes,Yes · kids rentals,Milan,Kids' rentals specifically available; near Domodossola (train from Milan). Verify 2026 autumn dates.
MAYBE,SWUP Bike Park Campo Felice,Rocca di Cambio,Abruzzo,Verify 2026,Sep operation TBD,Yes,Yes · 'Baby Line',Rome,Dedicated kids' Baby Line; ~1h30 from Rome but needs a car. Confirm 2026 summer operation.
MAYBE,Abetone Gravity Park,Abetone,Tuscany,Yes,Sept weekends (TBD),Yes · gondola,Beginner→advanced,Florence,"September = weekends only (Sep 19/20/26) and DH-leaning — teens, not the 9-yo. ~3h bus from Florence; phone to confirm."
NO,Trail Arena Val Gardena,Selva / Ortisei,South Tyrol,Yes · kids,Oct 4 (main bike gondola),Yes,Yes · family flow,Dolomites base,"~30 min from the Kastelruth base — but the bike gondola (Dantercepies) shuts Oct 4, before you arrive Oct 10. No lift-served laps on your dates; self-pedal or e-bike only."
NO,Cortina Bike Park Dolomiti,Cortina d'Ampezzo,Veneto,Yes,Sep 27 (ISTA side Sep 13),Yes,Yes · coaching,Venice/Dolomites,Closes Sep 27 — before both your Veneto and Dolomites dates.
NO,Carosello 3000 Mountain Park,Livigno,Lombardy,Yes · nearby,Sep 13,Yes,Yes · flow,Milan,Livigno (remote); closes Sep 13. Only viable as a 2-night Milan trip you'd have to rush.
NO,Ponte di Legno–Tonale Bike Park,Tonale / Ponte di Legno,Lombardy/Trentino,Yes,Sep 13 (or shut all 2026),Yes,Excellent · green kids trail,Milan,Sources conflict — a lift is being rebuilt and it may be CLOSED for all 2026. Don't plan around it; phone first.
NO,Val di Sole Bike Park,Commezzadura,Trentino,Yes · nearby,Sep 13,Yes · gondola,Limited · serious DH,Dolomites/Milan,"World-Cup DH; closes Sep 13, weeks before your dates."
NO,Fassa Bike Park,Canazei / Campitello,Trentino,Yes,~late Sep / early Oct,Yes · 6 lifts,Yes,Dolomites,Bike-carrying lifts shut ~Oct 4 — closed for lift MTB by your Oct 10–14 window.
NO,Bardonecchia Bike Park,Bardonecchia,Piedmont,Yes,Sep 6,Yes,Yes · graded trails,Turin,"The EASIEST carless park from Turin (direct train) — but closes Sep 6, a week before you land. Cruel miss."
NO,Bormio Bike Park,Bormio,Lombardy,Yes (to Oct 11),Sep 6 (park),Yes · 3 lifts,Limited · DH,Milan,Park closes Sep 6; rentals linger but no uplift.
NO,Breuil-Cervinia Bike Park,Cervinia,Aosta Valley,Yes,Sep 6,Yes,Yes · MTB school,Turin,Closes Sep 6.
NO,La Thuile Bike Park,La Thuile,Aosta Valley,Yes,early Sep (2026 TBD),Yes · 2 chairs,Limited · enduro,Turin,Historically closes early Sept; enduro/DH-leaning.
NO,Sauze d'Oulx Bike Park,Sauze d'Oulx,Piedmont,Yes,Aug 30,Yes,Limited · gravity,Turin,Closed Aug 30; mostly red/black terrain.
NO,Madesimo (MadeBike),Madesimo,Lombardy,Yes,Sep 6,Yes,Limited · short season,Milan,Closes Sep 6.
NO,Alpe di Mera,Valsesia,Piedmont,Nearby,Closed summer 2026,No (2026),—,Milan/Turin,No lift operation in 2026 — remove from consideration.
NO,Monte Terminillo MTB,Terminillo,Lazio,"Yes · kids 20/24""",Sept rental season,No practical uplift,Yes · family riding,Rome,"Family MTB/e-bike area, not a gravity park; from Rome (needs a car up)."
NO,Monte Livata / Simbruini,Subiaco,Lazio,Yes,into Oct,No,Yes · family,Rome,"Trail center, no lift; family MTB/e-bike from Rome."
